Type,Name,Request Count,Failure Count,Median Response Time,Average Response Time,Min Response Time,Max Response Time,Average Content Size,Requests/s,Failures/s,50%,66%,75%,80%,90%,95%,98%,99%,99.9%,99.99%,100%
GET,/health,58663,0,1,1.841419488076473,0.4233700001350371,68.5900240000592,14.0,779.0245415388905,0.0,1,2,2,2,3,3,8,15,37,67,69
POST,/post,58604,0,1,1.8664774858537925,0.4400810003062361,68.62947199988412,14.0,778.2410417528108,0.0,1,2,2,2,3,4,7,15,35,65,69
,Aggregated,117267,0,1,1.853942183308259,0.4233700001350371,68.62947199988412,14.0,1557.2655832917012,0.0,1,2,2,2,3,3,7,15,36,66,69
