Type,Name,Request Count,Failure Count,Median Response Time,Average Response Time,Min Response Time,Max Response Time,Average Content Size,Requests/s,Failures/s,50%,66%,75%,80%,90%,95%,98%,99%,99.9%,99.99%,100%
GET,/health,20265,0,1,1.632605281716288,0.38669800005664,56.64190499965116,27.0,697.6024201750745,0.0,1,1,1,2,2,3,8,22,46,56,57
POST,/post,20501,0,1,1.6960690145848392,0.3995520000898978,56.56546799991702,25.0,705.726484875855,0.0,1,1,1,2,2,3,8,23,50,56,57
,Aggregated,40766,0,1,1.6645208483045866,0.38669800005664,56.64190499965116,25.994210861992837,1403.3289050509295,0.0,1,1,1,2,2,3,8,23,48,56,57
